create database marketing;
use marketing;

CREATE TABLE customers (
    CUST_ID VARCHAR(10) PRIMARY KEY,
    NAME VARCHAR(50),
    ADDRESS VARCHAR(100),
    CITY VARCHAR(50),
    CREDITS DECIMAL(12,2),
    MOBILE VARCHAR(15)
);

INSERT INTO customers (CUST_ID, NAME, ADDRESS, CITY, CREDITS, MOBILE) VALUES
('C001', 'FARZANA', 'HOUSE-12,ROAD-3,GULSHAN', 'DHAKA', 20000.00, '1742371123'),
('C002', 'NAIM', 'HOUSE-44,THAKURGAON', 'DINAJPUR', 27000.00, '1837636363'),
('C003', 'TAHMIN', 'HOUSE-13,CHAPAINAWABGANJ', 'RAJSHAHI', 14000.00, '1324365363'),
('C004', 'SHAKHAWAT', 'HOUSE-30,LALMONIRHAT', 'RANGPUR', 17000.00, '1973763663'),
('C005', 'ARIFA', 'HOUSE-19,ULLAHPARA', 'SIRAJGANJ', 35000.00, '1735366343'),
('C006', 'APEL', 'HOUSE-88,JATRABARI', 'DHAKA', 10000.00, '1353537426'),
('C007', 'TASDITH', 'HOUSE-KURIGRAM SADAR', 'RANGPUR', 40000.00, '1983635452'),
('C008', 'SAMIA', 'HOUSE-65,UTTARA', 'DHAKA', 18000.00, '1324365472'),
('C009', 'MILY', 'HOUSE-23,BHATI', 'FENI', 6000.00, '1836353462'),
('C010', 'FABIHA', 'HOUSE-7,TRJGAON', 'DHAKA', 29000.00, '1735446478'),
('C011', 'JOTY', 'HOUSE-51,BADDA', 'DHAKA', 37000.00, '1927836332'),
('C012', 'TAMIM', 'HOUSE-25,DHANMONDI-27', 'DHAKA', 25000.00, '1673534252'),
('C013', 'DOLON', 'HOUSE-5,NARAYANGANJ', 'DHAKA', 30000.00, '1723563527'),
('C014', 'KOLI', 'HOUSE-28,KURIGRAM SADAR', 'RANGPUR', 12000.00, '1325352781'),
('C015', 'MARIHA', 'HOUSE-40,NANDIGRAM', 'BOGURA', 27000.00, '1973263662'),
('C016', 'DILRUBA', 'HOUSE-15,RANGPUR SADAR', 'RANGPUR', 20000.00, '1364764378'),
('C017', 'AKASH', 'HOUSE-26,SHIBGANJ', 'RAJSHAHI', 40000.00, '1893636622'),
('C018', 'JAKIA', 'HOUSE-19,THAKURGAON', 'DINAJPUR', 35000.00, '1973763636'),
('C019', 'MAHMUDA', 'HOUSE-33,MITHAPUKUR', 'RANGPUR', 29000.00, '1642355722'),
('C020', 'RAHIMA', 'HOUSE-16,DINAJPUR SADAR', 'DINAJPUR', 38000.00, '1753556367'),
('C021', 'ARIF', 'HOUSE-55,HAJARIPARA', 'RAJSHAHI', 15000.00, '1326537895'),
('C022', 'BELAL', 'HOUSE-77,SAPLA', 'RANGPUR', 27000.00, '1634367488'),
('C023', 'SAYEB', 'HOUSE-7,KAMARKHAND', 'SIRAJGANJ', 7000.00, '1937354364'),
('C024', 'NURUL', 'HOUSE-10,BOYALIA,RAJSHAHI', 'RAJSHAHI', 45000.00, '1987345633'),
('C025', 'DULAL', 'HOUSE-99,FARMGATE', 'DHAKA', 50000.00, '1735355361'),
('C026', 'LIPI', 'HOUSE-14,MOTIJHEEL', 'DHAKA', 50000.00, '1623435537'),
('C027', 'SHAMIMA', 'HOUSE-21,NANDIGRAM', 'RANGPUR', 16000.00, '1927832766'),
('C028', 'TABASSUM', 'HOUSE-18,GAIBANDHA SADAR', 'RANGPUR', 29000.00, '1836736363'),
('C029', 'RUSNAT', 'HOUSE-64,NARAYANGANJ', 'NARAYANGANJ', 47000.00, '1973635672'),
('C030', 'JIM', 'HOUSE-2,SHIBGANJ', 'RAJSHAHI', 42000.00, '1324556766'),
('C031', 'SOURAB', 'HOUSE-23,KAMARKHAND', 'SIRAJGANJ', 35000.00, '1735635654'),
('C032', 'NAHID', 'HOUSE-24,KAMARKHAND', 'SIRAJGANJ', 30000.00, '1976645653'),
('C033', 'RINTI', 'HOUSE-12,LAKHSMIPUR', 'NOAKHALI', 38000.00, '1374378479'),
('C034', 'MIM', 'HOUSE-18,KURIGRAM SADAR,KURIGRAM', 'RANGPUR', 19000.00, '1325366747'),
('C035', 'PRANTO', 'HOUSE-43,BROHATI', 'FENI', 27000.00, '1635376723'),
('C036', 'RABIUL', 'HOUSE-39,KAMARKHAND', 'SIRAJGANJ', 33000.00, '1936747643'),
('C037', 'NAFIUR', 'HOUSE-8,BOGURA SADAR', 'BOGURA', 42000.00, '1736352532'),
('C038', 'FAHIM', 'HOUSE-75,BAGMARA', 'RAJSHAHI', 40000.00, '1976365252'),
('C039', 'RIFAT', 'HOUSE-5,SHERPUR', 'MYMENSING', 39000.00, '1726345784'),
('C040', 'HEJBUN', 'HOUSE-63,MIRPUR-2', 'DHAKA', 49000.00, '1936478629'),
('C041', 'SANJIDA', 'HOUSE-7,HAJARHAT', 'DINAJPUR', 32000.00, '1347496529'),
('C042', 'RAFIA', 'HOUSE-3,THAKURGAON', 'RANGPUR', 17000.00, '1736472347'),
('C043', 'ASHRAFUL', 'HOUSE-9,TONGI BAZAR', 'GAZIPUR', 34000.00, '1938476437'),
('C044', 'SHAMSU', 'HOUSE-6,LALBAGH', 'RANGPUR', 16000.00, '1836472432'),
('C045', 'JUI', 'HOUSE-11,DINAJPUR SADAR', 'DINAJPUR', 23000.00, '1436367373'),
('C046', 'RAHAD', 'HOUSE-14,KURIGRAM SADAR', 'DINAJPUR', 27000.00, '1773648732'),
('C047', 'LUTFUN', 'HOUSE-22,GODAGARI', 'RAJSHAHI', 5000.00, '1836736367'),
('C048', 'MOHONA', 'HOUSE-9,MITHAPUKUR', 'RANGPUR', 11000.00, '1837636363'),
('C049', 'MOON', 'HOUSE-6,BOGURA SADAR', 'BOGURA', 9000.00, '1736353563'),
('C050', 'MUNJILA', 'HOUSE-17,PABNA SADAR', 'PABNA', 17000.00, '1926736536');

select * from customers;


CREATE TABLE products (
    PRODUCT_ID VARCHAR(10) PRIMARY KEY,
    NAME VARCHAR(100),
    COMPANY VARCHAR(100),
    RATE DECIMAL(10,2)
);

INSERT INTO products (PRODUCT_ID, NAME, COMPANY, RATE) VALUES
('P001', 'LUX', 'UNILEVER', 160.00),
('P002', 'DOVE_SHAMPOO', 'UNILEVER', 270.00),
('P003', 'BLACK RICE', 'CHASI', 595.00),
('P004', 'SAVLON CREAM', 'SQUARE', 65.00),
('P005', 'SUNSCRENE', '3W_CLINIC', 500.00),
('P006', 'SUNSCREAM', 'NEWTREGENA', 760.00),
('P007', 'SUNSCREAM', 'REVIEVE', 700.00),
('P008', 'BABY CREAM', 'JOHNSONS', 300.00),
('P009', 'SERUM', 'NEWTREGENA', 1550.00),
('P010', 'SERUM', 'ORDINARY', 1200.00),
('P011', 'TONER', 'I''M FROM', 1890.00),
('P012', 'DETTOL', 'ACI', 350.00),
('P013', 'TONER', 'COSRX', 1300.00),
('P014', 'ICE CREAM', 'POLAR', 35.00),
('P015', 'ICE CREAM', 'SAVOY', 150.00),
('P016', 'DISCON ICE CREAM', 'SAVOY', 100.00),
('P017', 'POTATO', 'BOMBEY', 10.00),
('P018', 'ALOZ', 'SUN', 20.00),
('P019', 'SUNFLOWER OIL', 'TEER', 449.00),
('P020', 'SUNFLOWER OIL', 'FORTUNE', 850.00),
('P021', 'ATTA', 'PUSTI', 60.00),
('P022', 'ATTA', 'BASHUNDARA', 55.00),
('P023', 'WHEEL', 'ACI', 200.00),
('P024', 'LIPSTICT', 'LAKEME', 550.00),
('P025', 'FOUNDATION', 'BOMBAY', 850.00),
('P026', 'PRIMER', '50', 15.00),
('P027', 'RING CHIPS', 'TEER', 15.00),
('P028', 'KURKURE CHIP', 'TEER', 20.00),
('P029', 'MUSTERED OIL', 'ENERGY', 135.00),
('P030', 'OIL', 'TESTY', 355.00),
('P031', 'BISCUT', 'ISP10', 35.00),
('P032', 'SALAIN', 'PRAN', 60.00),
('P033', 'RASNA', 'COCACOLA', 125.00),
('P034', 'ARESOL', 'UNILEVER', 400.00),
('P035', 'PEANUT BAR', 'WOW', 10.00),
('P036', 'COCA COLA', 'WOW', 135.00),
('P037', 'SERUM', 'JOHNSONS', 649.00),
('P038', 'CREAM', 'JOHNSONS', 345.00),
('P039', 'BABY WASH', 'LAKME', 230.00),
('P040', 'BABY OIL', 'MAYBELLINE', 1120.00),
('P041', 'FACE WASH', 'LAFZS', 370.00),
('P042', 'MOSTURIZER', 'PONDS', 500.00),
('P043', 'RIN', 'UNIVER', 125.00),
('P044', 'PATE', 'PEPSODENT', 250.00),
('P045', 'SUNSILK', 'UNILEVER', 125.00),
('P046', 'CREAM', 'LAFZS', 300.00),
('P047', 'PONDS', 'ACI', 200.00),
('P048', 'VIM', 'UNILEVER', 10.00),
('P049', 'VESILINE', 'UNILEVER', 250.00),
('P050', 'DOVE_SOAP', 'UNILEVER', 90.00);

select * from products;


CREATE TABLE orders (
    ORDER_ID VARCHAR(10) PRIMARY KEY,
    DATE DATE,
    CUST_ID VARCHAR(10),
    PRODUCT_ID VARCHAR(10),
    QUANTITY INT,
    PAID ENUM('Yes', 'No'),
    FOREIGN KEY (CUST_ID) REFERENCES customers(CUST_ID),
    FOREIGN KEY (PRODUCT_ID) REFERENCES products(PRODUCT_ID)
);

INSERT INTO orders (ORDER_ID, DATE, CUST_ID, PRODUCT_ID, QUANTITY, PAID) VALUES
('OR001', '2025-07-17', 'C001', 'P005', 30, 'Yes'),
('OR002', '2025-07-02', 'C004', 'P002', 125, 'Yes'),
('OR003', '2025-07-03', 'C005', 'P004', 70, 'No'),
('OR004', '2025-07-10', 'C006', 'P007', 20, 'Yes'),
('OR005', '2025-07-03', 'C007', 'P009', 50, 'Yes'),
('OR006', '2025-07-09', 'C008', 'P010', 80, 'Yes'),
('OR007', '2025-07-10', 'C006', 'P011', 120, 'Yes'),
('OR008', '2025-07-17', 'C050', 'P012', 75, 'No'),
('OR009', '2025-07-16', 'C014', 'P014', 100, 'No'),
('OR010', '2025-07-10', 'C009', 'P016', 55, 'Yes'),
('OR011', '2025-07-22', 'C013', 'P015', 64, 'Yes'),
('OR012', '2025-07-22', 'C016', 'P047', 90, 'Yes'),
('OR013', '2025-07-23', 'C015', 'P016', 29, 'Yes'),
('OR014', '2025-07-22', 'C017', 'P020', 45, 'Yes'),
('OR015', '2025-07-30', 'C032', 'P045', 42, 'Yes'),
('OR016', '2025-07-29', 'C037', 'P048', 20, 'No'),
('OR017', '2025-07-29', 'C046', 'P028', 110, 'Yes'),
('OR018', '2025-07-16', 'C041', 'P050', 50, 'Yes'),
('OR019', '2025-06-11', 'C048', 'P042', 17, 'Yes'),
('OR020', '2025-07-15', 'C026', 'P043', 20, 'Yes'),
('OR021', '2025-07-14', 'C034', 'P045', 120, 'No'),
('OR022', '2025-07-29', 'C028', 'P016', 29, 'Yes'),
('OR023', '2025-07-22', 'C045', 'P028', 87, 'Yes'),
('OR024', '2025-06-23', 'C036', 'P042', 76, 'Yes'),
('OR025', '2025-06-16', 'C043', 'P040', 39, 'Yes'),
('OR026', '2025-06-22', 'C042', 'P014', 48, 'No'),
('OR027', '2025-06-16', 'C040', 'P011', 73, 'Yes'),
('OR028', '2025-06-16', 'C014', 'P015', 82, 'Yes'),
('OR029', '2025-06-23', 'C022', 'P012', 89, 'Yes'),
('OR030', '2025-07-21', 'C028', 'P016', 20, 'Yes'),
('OR031', '2025-06-24', 'C045', 'P038', 45, 'Yes'),
('OR032', '2025-06-17', 'C038', 'P015', 50, 'No'),
('OR033', '2025-06-17', 'C050', 'P049', 39, 'Yes'),
('OR034', '2025-06-23', 'C012', 'P011', 80, 'Yes'),
('OR035', '2025-06-18', 'C023', 'P016', 27, 'Yes'),
('OR036', '2025-07-23', 'C021', 'P045', 125, 'No'),
('OR037', '2025-06-23', 'C027', 'P015', 68, 'Yes'),
('OR038', '2025-06-16', 'C047', 'P028', 76, 'Yes'),
('OR039', '2025-06-10', 'C040', 'P030', 80, 'Yes'),
('OR040', '2025-06-25', 'C026', 'P022', 60, 'Yes'),
('OR041', '2025-06-12', 'C014', 'P027', 76, 'No'),
('OR042', '2025-06-03', 'C028', 'P035', 95, 'No'),
('OR043', '2025-06-18', 'C038', 'P042', 85, 'Yes'),
('OR044', '2025-05-13', 'C045', 'P028', 69, 'Yes'),
('OR045', '2025-06-02', 'C046', 'P023', 30, 'No'),
('OR046', '2025-07-24', 'C005', 'P019', 40, 'No'),
('OR047', '2025-07-31', 'C036', 'P024', 36, 'Yes'),
('OR048', '2025-07-31', 'C011', 'P044', 97, 'Yes'),
('OR049', '2025-07-21', 'C003', 'P007', 105, 'Yes'),
('OR050', '2025-07-02', 'C013', 'P003', 110, 'Yes');

select * from orders;


select * from customers
where  (credits < 5000 or credits >10000) and city = "RANGPUR" ;


select * from customers
where credits > 10000;

select * from customers 
where credits > 20000 and city = "DHAKA" ;


select * from products
where rate < 500 ;

select * from products
where rate > 1000;

select * from products 
where rate < 500 and company = 'UNILEVER';

SELECT * FROM customers
ORDER BY CREDITS DESC
LIMIT 1;

SELECT * FROM customers
WHERE CUST_ID NOT IN (
    SELECT DISTINCT CUST_ID FROM orders
);


SELECT * FROM orders
WHERE PAID = 'Yes';

select * from orders
where paid = 'No' ;
